ear,mar,yaw,pitch,rotulo
0.2226,0.4613,17.4007,2.5042,0
0.2165,0.4713,16.4878,0.9226,0
0.2211,0.4243,13.8246,5.4965,0
0.2197,0.3983,13.0205,6.9267,0
0.2193,0.4662,11.6757,-2.4657,0
0.2299,0.4088,7.0393,-6.9348,0
0.2702,0.4536,19.2698,-2.2439,0
0.2257,0.4436,0.4347,-5.2133,0
0.2247,0.3867,11.6965,-8.0700,0
0.1860,0.4009,9.0090,-5.5633,0
0.1723,0.3935,9.2420,-5.4803,0
0.2200,0.4466,11.2868,-7.3201,0
0.2069,0.5007,-2.2881,-6.5516,0
0.2164,0.4701,8.6966,-6.1580,0
0.2492,0.4559,11.2136,-3.0984,0
0.2166,0.4134,3.0944,-1.4480,0
0.1980,0.4410,13.6801,-5.0700,0
0.2220,0.4629,14.2580,-3.1874,0
0.2104,0.4974,11.9698,-3.7673,0
0.2328,0.4590,10.3295,-5.8977,0
0.2559,0.4204,12.7737,-4.1161,0
0.1874,0.3921,6.5199,-4.1382,0
0.2137,0.3994,9.1973,-1.7289,0
0.2442,0.5259,15.3979,-3.6554,0
0.2172,0.5167,10.4557,-4.4060,0
0.1999,0.5367,17.9699,-4.9280,0
0.1987,0.5184,19.5532,-4.6224,0
0.1664,0.5370,16.6950,-5.2457,0
0.2108,0.4935,-1.0389,-6.1255,0
0.2424,0.5058,14.0202,-2.8950,0
0.1896,0.8235,12.5311,3.8413,1
0.1858,0.4624,5.1023,-4.6357,1
0.1723,0.8117,6.1434,0.9720,1
0.2032,0.5227,4.4205,-2.2318,1
0.1732,0.9803,24.5960,6.4684,1
0.1693,1.1608,25.5078,4.1474,1
0.1991,0.5461,19.9933,-1.0000,1
0.1068,0.5325,17.3829,-0.8743,1
0.0835,0.5577,16.3558,-4.3318,1
0.2624,0.4771,-10.9638,-11.4173,0
0.2527,0.4974,-12.7917,-10.2654,0
0.2144,0.5054,-16.1793,-8.9421,0
0.2159,0.5426,-15.8424,-7.2417,0
0.2645,0.5650,-17.5494,-7.4519,0
0.2339,0.4781,-11.7714,-10.2245,0
0.2112,0.5690,-13.8479,-7.7200,0
0.2014,0.5294,-14.8464,-8.8970,0
0.1865,0.5187,-14.7449,-8.2914,0
0.2335,0.4697,-4.5084,-7.8220,0
0.2215,0.5161,-16.6764,-10.4771,0
0.2513,0.4836,-14.6984,-9.5617,0
0.2536,0.5097,-16.4085,-10.3598,0
0.2186,0.5216,-15.9994,-3.3854,0
0.1825,0.5564,-12.7966,-5.4056,0
0.2028,0.5277,-6.9401,-7.7941,0
0.1818,0.5051,-14.3718,-9.4671,0
0.1643,0.5135,-12.1659,-8.9293,0
0.1425,0.4749,-8.8605,-9.4420,0
0.1766,0.4984,-15.2042,-8.1400,0
0.1979,0.4910,12.3280,10.9228,0
0.2100,0.4870,-12.0327,-7.1719,0
0.2927,0.5544,-21.5152,-6.1540,0
0.2901,0.4775,-0.9167,-7.3224,0
0.2253,0.4651,-9.0487,-7.8443,0
0.1508,0.4923,-9.2141,-8.2700,0
0.2294,0.4811,-13.1786,-8.4585,0
0.2281,0.4914,-15.7833,-7.1864,0
0.1778,0.4980,-3.3941,-7.1559,0
0.1843,0.4836,-8.9485,-7.5695,0
0.2292,0.4866,-7.5483,-6.8739,0
0.1702,0.5504,-1.2185,-5.9288,0
0.1860,0.4838,-14.6159,-8.7216,0
0.1952,0.4993,-13.0799,-9.8170,0
0.1523,0.4546,-3.5507,-9.8011,0
0.1768,0.5299,-6.8324,-7.1786,0
0.1768,0.5147,-16.1886,-8.5213,0
0.1838,0.4864,-14.9686,-8.8308,0
0.2136,0.5515,-14.4868,-6.0349,0
0.2226,0.5183,-11.0980,-7.9434,0
0.1913,0.5402,-13.5470,-9.5673,0
0.2410,0.5490,-16.4184,-8.1092,0
0.2204,0.5236,-21.3755,-8.2832,0
0.2075,0.5408,-21.4141,-8.8599,0
0.2567,0.5344,-17.8973,-7.6299,0
0.2243,0.4852,-19.9563,-8.4303,0
0.2225,0.4388,-18.5325,-11.4945,0
0.2182,0.4774,-16.6863,-9.1002,0
0.2053,0.4766,-16.6839,-9.2731,0
0.1390,0.5085,-17.0508,-9.1888,0
0.2491,0.5228,-22.5667,-3.7545,0
0.1780,0.4898,-8.1917,-8.4327,0
0.2415,0.4890,-12.9955,-9.9511,0
0.2696,0.5287,-19.3825,-7.5563,0
0.2303,0.5774,3.8195,-1.7669,0
0.1479,0.4918,-13.1821,-9.0959,0
0.1943,0.5112,-18.1577,-10.5346,0
0.1921,0.4609,-12.6373,-11.5351,0
0.1840,0.4706,-12.4350,-11.2509,0
0.2449,0.4652,-13.7766,-10.0368,0
0.2674,0.5519,-21.6538,-6.7225,0
0.2315,0.4169,1.0313,-7.3719,0
0.2536,0.3799,-17.5406,-9.8769,0
0.1657,0.5061,-11.5524,-8.5385,0
0.1939,0.4857,-15.7897,-9.8777,0
0.1754,0.3988,-13.1360,-15.1537,0
0.1531,0.4453,0.7800,-9.8593,0
0.2776,0.4618,-5.8211,-9.9552,0
0.1968,0.4898,-16.0427,-8.0496,0
0.2276,0.4521,-6.5925,-9.0513,0
0.2208,0.5049,-6.1582,-5.9981,0
0.2120,0.4427,-8.3413,-10.7708,0
0.1859,0.4839,-10.6546,-7.2470,0
0.2118,0.4579,-11.5073,-9.4946,0
0.2207,0.3712,-2.5529,-12.6160,0
0.2159,0.3323,2.0989,-15.8415,0
0.1981,0.4358,-10.6152,-8.5660,0
0.2548,0.4146,-12.9737,-6.8364,0
0.2060,0.4798,6.3869,-1.6734,0
0.2316,0.4872,-7.9135,-7.7243,0
0.2172,0.4738,-15.5990,-8.0591,0
0.2022,0.5271,-17.2120,-7.2804,0
0.2191,0.4476,-19.0237,-10.8202,0
0.2210,1.0142,-20.4806,-0.2597,1
0.1373,0.3803,-14.1615,-9.9694,1
0.1808,0.3066,-12.3427,-17.7027,1
0.1060,0.6558,-21.1726,-16.1546,1
0.1644,0.6923,0.6353,-9.0532,1
0.1635,0.7787,-13.4225,-4.5206,1
0.1497,0.7247,-10.2104,-2.6740,1
0.1017,0.9790,-15.2002,-0.2354,1
0.1078,0.3663,-6.5587,-21.4013,1
0.1709,0.5015,-27.0611,-10.8155,1
0.3223,0.5005,14.6712,-1.6167,1
0.1356,0.8813,-22.5187,-2.7204,1
0.1245,1.0338,-23.4882,-1.5163,1
0.1342,1.1420,-27.3155,0.2741,1
0.1312,0.4212,-21.7801,-4.7592,1
0.1054,0.4708,2.7344,-2.8966,1
0.1177,1.0776,-20.6424,-0.6577,1
0.1223,0.3697,-0.7180,-6.5800,1
0.1893,0.6275,9.0179,-11.4357,1
0.2197,1.0703,-28.4967,-3.6631,1
0.1849,0.3557,-2.4328,-14.4117,1
0.1767,0.3986,-9.9414,-16.9376,1
0.2083,0.9774,-6.5819,0.3941,1
0.1770,0.9321,3.6796,-6.2549,1
0.1702,0.9162,-19.9076,-8.3832,1
0.2403,0.6166,-2.6708,2.4577,1
0.1836,0.4444,-8.8427,-10.2920,1
0.1213,0.5143,-12.0307,-8.7519,1
0.1399,0.7848,-13.9537,-3.6305,1
0.1619,1.1005,-16.9098,-1.6004,1
0.2163,0.3071,-12.0249,-13.7956,1
0.1749,0.4140,-6.6521,6.5261,1
0.1392,0.5383,-4.6592,4.9946,1
0.1504,0.9554,-11.5775,1.8308,1
0.1025,0.4119,-12.6489,-13.9543,1
0.1354,0.7161,-2.5156,-12.6166,1
0.2181,1.3095,-31.1547,-4.7275,1
0.1521,0.4102,-24.0950,-10.4342,1
0.1545,0.4273,0.1801,-14.6628,1
0.2038,0.4931,-4.5485,-9.3280,1
0.1696,0.5466,-11.1814,6.2308,1
0.1288,1.3205,-27.8183,1.8765,1
0.1632,0.7727,-16.2837,-6.9453,1
0.1006,0.4348,-17.3822,-7.7592,1
0.0957,0.5009,-7.7622,-10.5718,1
0.0935,0.3732,-10.9421,-10.1337,1
0.0769,0.8335,-14.8429,5.7536,1
0.0985,0.4505,12.5440,-9.4261,1
0.1106,0.8288,-2.6074,0.4359,1
0.2360,0.3826,35.7567,-27.8788,1
0.1670,0.5484,-16.1249,9.5353,1
0.1368,0.7044,-25.9189,-6.5675,1
0.1703,0.5500,21.9230,-21.7413,1
0.1741,0.2793,-12.2358,-38.4618,1
0.2598,0.3769,-15.8813,-14.8007,1
0.2371,0.3833,-21.7507,-24.9019,1
0.2306,0.4733,13.7588,-16.3271,1
0.1852,0.3831,3.4102,-10.1136,1
0.2605,0.5629,-0.5457,1.7849,1
0.1736,0.3422,-25.4695,-30.9669,1
0.2146,0.8156,-27.3886,-15.5034,1
0.2345,0.4591,-10.4973,-4.6788,1
0.1862,0.6741,7.8497,-15.2748,1
0.1275,1.0227,-30.0877,-3.4540,1
0.1093,0.9246,-26.9106,-9.5688,1
0.2883,0.5075,0.8705,-4.0080,1
0.2232,0.3476,5.3370,-24.7455,1
0.1973,0.3094,-7.2566,-18.0309,1
0.2402,0.4020,-4.5238,-15.8176,1
0.2609,0.4438,-22.7049,-11.8871,1
0.1894,0.2986,-8.7733,-24.0788,1
0.2920,0.4197,-22.5205,-10.8327,1
0.2343,0.3145,-2.1946,-23.8372,1
0.2173,0.3760,27.6925,-25.2616,1
0.1515,0.4853,-17.6977,-4.5874,1
0.0837,1.0807,-24.7755,6.0888,1
0.1273,0.4396,-17.2467,-21.0496,1
0.2322,0.3584,4.4920,-33.6962,1
0.2272,0.3849,-6.2847,-23.5621,1
0.2431,0.3882,15.9220,-22.4434,1
0.2492,0.3464,-1.0494,-6.1329,1
0.2570,0.6244,-15.9654,3.3599,1
0.1937,0.3245,-5.7060,-31.0698,1
0.2129,0.3007,11.1088,-32.0439,1
0.2165,0.5113,-8.3362,-1.2349,1
0.1146,1.2204,-28.3685,4.4147,1
0.1668,0.4900,-17.3248,-25.5442,1
0.2216,0.3251,5.3259,-21.8877,1
0.1520,0.3702,-10.6282,-13.4623,1
0.2020,0.3674,14.8340,-27.0676,1
0.2204,0.3137,-7.1312,-22.5177,1
0.2256,0.2303,2.8196,-31.4764,1
0.2007,0.2679,1.6962,-40.2211,1
